조사일,수온(℃),pH,DO(㎎/L),투명도,탁도,Chl-a (㎎/㎥),유해남조류 세포수 (cells/㎖),Microcystis,Anabaena,Oscillatoria,Aphanizomenon,지오스민,2MIB,Microcystin-LR (μg/L),지점
2014.04.17,,,,,,,310.0,250.0,0.0,0.0,60.0,,,,공산지(취수탑)
2014.04.23,,,,,,,70.0,70.0,0.0,0.0,0.0,,,,공산지(취수탑)
2014.04.30,,,,,,,860.0,860.0,0.0,0.0,0.0,,,,공산지(취수탑)
2014.05.07,,,,,,,0.0,0.0,0.0,0.0,0.0,,,,공산지(취수탑)
2014.05.14,,,,,,,0.0,0.0,0.0,0.0,0.0,,,,공산지(취수탑)
2014.05.22,,,,,,,2540.0,2540.0,0.0,0.0,0.0,,,,공산지(취수탑)
2014.05.28,,,,,,,12800.0,12800.0,0.0,0.0,0.0,,,,공산지(취수탑)
2014.06.03,,,,,,,36930.0,36930.0,0.0,0.0,0.0,,,,공산지(취수탑)
2014.06.05,,,,,,,10150.0,10150.0,0.0,0.0,0.0,,,정량한계미만,공산지(취수탑)
2014.06.09,,,,,,,22750.0,22750.0,0.0,0.0,0.0,,,정량한계미만,공산지(취수탑)
2014.06.18,,,,,,,40250.0,40250.0,0.0,0.0,0.0,,,,공산지(취수탑)
2014.06.25,,,,,,,25200.0,25200.0,0.0,0.0,0.0,,,,공산지(취수탑)
2014.07.02,,,,,,,36750.0,36750.0,0.0,0.0,0.0,,,,공산지(취수탑)
2014.07.10,,,,,,,10310.0,10310.0,0.0,0.0,0.0,,,,공산지(취수탑)
2014.07.16,,,,,,,2870.0,2870.0,0.0,0.0,0.0,,,,공산지(취수탑)
2014.07.24,,,,,,,850.0,850.0,0.0,0.0,0.0,,,,공산지(취수탑)
2014.07.30,,,,,,,2200.0,2010.0,190.0,0.0,0.0,,,,공산지(취수탑)
2014.08.06,,,,,,,2440.0,1400.0,1040.0,0.0,0.0,,,,공산지(취수탑)
2014.08.13,,,,,,,3820.0,0.0,3820.0,0.0,0.0,,,,공산지(취수탑)
2014.08.20,,,,,,,1430.0,400.0,1030.0,0.0,0.0,,,,공산지(취수탑)
2014.08.27,,,,,,,0.0,0.0,0.0,0.0,0.0,,,,공산지(취수탑)
2014.09.02,,,,,,,1250.0,1050.0,200.0,0.0,0.0,,,,공산지(취수탑)
2014.09.11,,,,,,,50.0,50.0,0.0,0.0,0.0,,,,공산지(취수탑)
2014.09.17,,,,,,,0.0,0.0,0.0,0.0,0.0,,,,공산지(취수탑)
2014.09.25,,,,,,,1750.0,1750.0,0.0,0.0,0.0,,,,공산지(취수탑)
2014.10.01,,,,,,,1580.0,1580.0,0.0,0.0,0.0,,,,공산지(취수탑)
2014.10.06,,,,,,,2800.0,2800.0,0.0,0.0,0.0,,,,공산지(취수탑)
2014.10.14,,,,,,,1050.0,1050.0,0.0,0.0,0.0,,,,공산지(취수탑)
2014.10.20,,,,,,,4030.0,4030.0,0.0,0.0,0.0,,,,공산지(취수탑)
2014.10.29,,,,,,,700.0,700.0,0.0,0.0,0.0,,,,공산지(취수탑)
2014.11.04,,,,,,,0.0,0.0,0.0,0.0,0.0,,,,공산지(취수탑)
2014.11.10,,,,,,,0.0,0.0,0.0,0.0,0.0,,,,공산지(취수탑)
2014.11.19,,,,,,,180.0,180.0,0.0,0.0,0.0,,,,공산지(취수탑)
2014.11.24,,,,,,,300.0,300.0,0.0,0.0,0.0,,,,공산지(취수탑)
2014.12.03,,,,,,,0.0,0.0,0.0,0.0,0.0,,,,공산지(취수탑)
2014.12.10,,,,,,,0.0,0.0,0.0,0.0,0.0,,,,공산지(취수탑)
2014.12.17,,,,,,,0.0,0.0,0.0,0.0,0.0,,,,공산지(취수탑)
2014.12.24,,,,,,,0.0,0.0,0.0,0.0,0.0,,,,공산지(취수탑)
2014.12.30,,,,,,,0.0,0.0,0.0,0.0,0.0,,,,공산지(취수탑)
2015.01.07,,,,,,,380.0,380.0,0.0,0.0,0.0,,,,공산지(취수탑)
2015.01.15,,,,,,,0.0,0.0,0.0,0.0,0.0,,,,공산지(취수탑)
2015.01.21,,,,,,,,,,,,,,,공산지(취수탑)
2015.01.28,,,,,,,0.0,0.0,0.0,0.0,0.0,,,,공산지(취수탑)
2015.02.04,,,,,,,0.0,0.0,0.0,0.0,0.0,,,,공산지(취수탑)
2015.02.09,,,,,,,0.0,0.0,0.0,0.0,0.0,,,,공산지(취수탑)
2015.02.16,,,,,,,0.0,0.0,0.0,0.0,0.0,,,,공산지(취수탑)
2015.02.23,,,,,,,0.0,0.0,0.0,0.0,0.0,,,,공산지(취수탑)
2015.03.04,,,,,,,0.0,0.0,0.0,0.0,0.0,,,,공산지(취수탑)
2015.03.09,,,,,,,0.0,0.0,0.0,0.0,0.0,,,,공산지(취수탑)
2015.03.17,,,,,,,0.0,0.0,0.0,0.0,0.0,,,,공산지(취수탑)
2015.03.23,,,,,,,0.0,0.0,0.0,0.0,0.0,,,,공산지(취수탑)
2015.03.30,,,,,,,460.0,460.0,0.0,0.0,0.0,,,,공산지(취수탑)
2015.04.06,,,,,,,200.0,200.0,0.0,0.0,0.0,,,,공산지(취수탑)
2015.04.13,,,,,,,0.0,0.0,0.0,0.0,0.0,,,,공산지(취수탑)
2015.04.21,,,,,,,0.0,0.0,0.0,0.0,0.0,,,,공산지(취수탑)
2015.04.27,,,,,,,0.0,0.0,0.0,0.0,0.0,,,,공산지(취수탑)
2015.05.06,,,,,,,0.0,0.0,0.0,0.0,0.0,,,,공산지(취수탑)
2015.05.11,,,,,,,0.0,0.0,0.0,0.0,0.0,,,,공산지(취수탑)
2015.05.18,,,,,,,0.0,0.0,0.0,0.0,0.0,,,,공산지(취수탑)
2015.05.26,,,,,,,0.0,0.0,0.0,0.0,0.0,,,,공산지(취수탑)
2015.06.02,,,,,,,0.0,0.0,0.0,0.0,0.0,,,,공산지(취수탑)
2015.06.08,,,,,,,1750.0,1750.0,0.0,0.0,0.0,,,,공산지(취수탑)
2015.06.15,,,,,,,350.0,350.0,0.0,0.0,0.0,,,,공산지(취수탑)
2015.06.22,,,,,,,1050.0,1050.0,0.0,0.0,0.0,,,,공산지(취수탑)
2015.06.29,,,,,,,3330.0,3330.0,0.0,0.0,0.0,,,,공산지(취수탑)
2015.07.06,,,,,,,4450.0,4200.0,250.0,0.0,0.0,,,,공산지(취수탑)
2015.07.13,,,,,,,3150.0,3150.0,0.0,0.0,0.0,,,,공산지(취수탑)
2015.07.20,,,,,,,5910.0,5080.0,830.0,0.0,0.0,,,,공산지(취수탑)
2015.07.27,,,,,,,8400.0,8400.0,0.0,0.0,0.0,19,7.0,1.0,공산지(취수탑)
2015.07.30,,,,,,,20670.0,20440.0,230.0,0.0,0.0,27,7.0,0.0,공산지(취수탑)
2015.08.03,,,,,,,9450.0,9450.0,0.0,0.0,0.0,6,10.0,0.0,공산지(취수탑)
2015.08.06,,,,,,,16980.0,16980.0,0.0,0.0,0.0,10,15.0,0.0,공산지(취수탑)
2015.08.10,,,,,,,36400.0,36400.0,0.0,0.0,0.0,9,181.0,2.0,공산지(취수탑)
2015.08.12,,,,,,,24150.0,24150.0,0.0,0.0,0.0,3,10.0,1.0,공산지(취수탑)
2015.08.17,,,,,,,21000.0,21000.0,0.0,0.0,0.0,정량한계미만,3.0,1.0,공산지(취수탑)
2015.08.20,,,,,,,21880.0,21880.0,0.0,0.0,0.0,정량한계미만,3.0,0.0,공산지(취수탑)
2015.08.24,,,,,,,13830.0,13830.0,0.0,0.0,0.0,정량한계미만,2.0,0.0,공산지(취수탑)
2015.08.27,,,,,,,11550.0,11550.0,0.0,0.0,0.0,1,5.0,0.0,공산지(취수탑)
2015.08.31,,,,,,,14000.0,14000.0,0.0,0.0,0.0,2,8.0,0.0,공산지(취수탑)
2015.09.07,,,,,,,13300.0,13300.0,0.0,0.0,0.0,,,,공산지(취수탑)
2015.09.14,,,,,,,21900.0,21500.0,0.0,400.0,0.0,,,,공산지(취수탑)
2015.09.21,,,,,,,16800.0,16800.0,0.0,0.0,0.0,,,,공산지(취수탑)
2015.09.30,,,,,,,19580.0,19080.0,0.0,0.0,500.0,,,,공산지(취수탑)
2015.10.05,,,,,,,16160.0,15930.0,230.0,0.0,0.0,,,,공산지(취수탑)
2015.10.12,,,,,,,12650.0,12250.0,0.0,400.0,0.0,,,,공산지(취수탑)
2015.10.19,,,,,,,11380.0,11380.0,0.0,0.0,0.0,,,,공산지(취수탑)
2015.10.26,,,,,,,12780.0,12780.0,0.0,0.0,0.0,,,,공산지(취수탑)
2015.11.02,,,,,,,13400.0,13300.0,0.0,100.0,0.0,,,,공산지(취수탑)
2015.11.09,,,,,,,4830.0,4830.0,0.0,0.0,0.0,,,,공산지(취수탑)
2015.11.16,,,,,,,11030.0,11030.0,0.0,0.0,0.0,,,,공산지(취수탑)
2015.11.23,,,,,,,5290.0,4690.0,0.0,0.0,600.0,,,,공산지(취수탑)
2015.11.30,,,,,,,2640.0,2240.0,0.0,0.0,400.0,,,,공산지(취수탑)
2015.12.07,,,,,,,2540.0,1630.0,0.0,0.0,910.0,,,,공산지(취수탑)
2015.12.14,,,,,,,0.0,0.0,0.0,0.0,0.0,,,,공산지(취수탑)
2015.12.21,,,,,,,0.0,0.0,0.0,0.0,0.0,,,,공산지(취수탑)
2015.12.28,,,,,,,250.0,250.0,0.0,0.0,0.0,,,,공산지(취수탑)
2016.01.04,,,,,,,0.0,0.0,0.0,0.0,0.0,,,,공산지(취수탑)
2016.01.11,,,,,,,200.0,200.0,0.0,0.0,0.0,,,,공산지(취수탑)
2016.01.18,,,,,,,780.0,380.0,0.0,0.0,400.0,,,,공산지(취수탑)
2016.01.25,,,,,,,200.0,200.0,0.0,0.0,0.0,,,,공산지(취수탑)
2016.02.01,,,,,,,0.0,0.0,0.0,0.0,0.0,,,,공산지(취수탑)
2016.02.11,,,,,,,100.0,100.0,0.0,0.0,0.0,,,,공산지(취수탑)
2016.02.15,,,,,,,0.0,0.0,0.0,0.0,0.0,,,,공산지(취수탑)
2016.02.22,,,,,,,50.0,50.0,0.0,0.0,0.0,,,,공산지(취수탑)
2016.02.29,,,,,,,0.0,0.0,0.0,0.0,0.0,,,,공산지(취수탑)
2016.03.07,,,,,,,0.0,0.0,0.0,0.0,0.0,,,,공산지(취수탑)
2016.03.14,,,,,,,0.0,0.0,0.0,0.0,0.0,,,,공산지(취수탑)
2016.03.21,,,,,,,0.0,0.0,0.0,0.0,0.0,,,,공산지(취수탑)
2016.03.28,,,,,,,0.0,0.0,0.0,0.0,0.0,,,,공산지(취수탑)
2016.04.04,9.5,8.6,12.9,1.4,3.3,25.2,0.0,0.0,0.0,0.0,0.0,,,,공산지(취수탑)
2016.04.11,11.0,8.5,13.0,1.2,4.1,37.4,0.0,0.0,0.0,0.0,0.0,,,,공산지(취수탑)
2016.04.18,12.1,7.8,11.6,1.2,2.8,15.5,0.0,0.0,0.0,0.0,0.0,,,,공산지(취수탑)
2016.04.25,13.3,8.2,11.4,1.2,2.7,9.9,0.0,0.0,0.0,0.0,0.0,,,,공산지(취수탑)
2016.05.02,15.4,7.8,11.5,1.2,2.7,12.1,0.0,0.0,0.0,0.0,0.0,,,,공산지(취수탑)
2016.05.09,15.4,7.9,9.9,1.4,2.1,15.9,0.0,0.0,0.0,0.0,0.0,,,,공산지(취수탑)
2016.05.16,16.3,8.0,8.8,1.3,1.8,7.9,0.0,0.0,0.0,0.0,0.0,,,,공산지(취수탑)
2016.05.23,18.5,8.0,8.5,1.4,2.6,8.7,0.0,0.0,0.0,0.0,0.0,,,,공산지(취수탑)
2016.05.30,19.6,8.0,8.0,1.4,2.7,8.9,0.0,0.0,0.0,0.0,0.0,,,,공산지(취수탑)
2016.06.07,20.2,7.6,7.5,1.0,4.8,30.1,4700.0,400.0,0.0,0.0,4300.0,,,,공산지(취수탑)
2016.06.13,20.5,8.2,7.6,1.3,4.7,14.5,5250.0,0.0,50.0,0.0,5200.0,,,,공산지(취수탑)
2016.06.20,22.8,8.3,8.3,1.3,4.2,16.0,2725.0,0.0,25.0,0.0,2700.0,,,,공산지(취수탑)
2016.06.27,21.8,8.0,6.9,1.3,5.3,12.6,3350.0,400.0,50.0,0.0,2900.0,,,,공산지(취수탑)
2016.07.04,21.3,7.9,6.3,1.2,4.8,16.4,3140.0,120.0,80.0,0.0,2940.0,,,,공산지(취수탑)
2016.07.11,21.0,7.2,6.4,0.8,12.7,4.1,0.0,0.0,0.0,0.0,0.0,,,,공산지(취수탑)
2016.07.18,22.8,7.5,6.5,0.9,4.7,12.1,0.0,0.0,0.0,0.0,0.0,,,,공산지(취수탑)
2016.07.25,24.0,7.6,6.2,0.9,4.8,23.1,255.0,0.0,255.0,0.0,0.0,,,,공산지(취수탑)
2016.08.01,26.1,7.4,5.6,0.9,4.5,21.3,865.0,200.0,665.0,0.0,0.0,,,,공산지(취수탑)
2016.08.08,25.8,7.5,5.6,0.9,8.0,19.9,3690.0,3100.0,590.0,0.0,0.0,,,,공산지(취수탑)
2016.08.16,26.8,7.5,4.3,0.8,14.1,14.1,2735.0,2620.0,115.0,0.0,0.0,,,,공산지(취수탑)
2016.08.22,27.8,7.6,5.0,0.8,18.7,22.3,8750.0,8750.0,0.0,0.0,0.0,,,,공산지(취수탑)
2016.08.29,25.4,8.1,6.0,0.8,18.1,32.4,5820.0,5820.0,0.0,0.0,0.0,,,,공산지(취수탑)
2016.09.05,24.2,7.5,5.0,0.8,9.5,5.2,650.0,650.0,0.0,0.0,0.0,,,,공산지(취수탑)
2016.09.12,23.1,7.7,5.8,1.0,8.4,10.9,900.0,900.0,0.0,0.0,0.0,,,,공산지(취수탑)
2016.09.19,20.6,7.6,7.2,0.8,15.1,4.2,90.0,90.0,0.0,0.0,0.0,,,,공산지(취수탑)
2016.09.26,20.0,7.6,7.0,0.9,5.3,5.0,300.0,300.0,0.0,0.0,0.0,,,,공산지(취수탑)
2016.10.04,20.6,7.7,7.2,1.8,3.2,6.4,90.0,90.0,0.0,0.0,0.0,,,,공산지(취수탑)
2016.10.10,19.3,7.6,7.5,1.9,4.7,7.6,80.0,80.0,0.0,0.0,0.0,,,,공산지(취수탑)
2016.10.17,18.3,7.7,7.9,1.9,4.5,5.4,190.0,190.0,0.0,0.0,0.0,,,,공산지(취수탑)
2016.10.24,18.0,7.7,7.9,2.1,3.9,8.3,180.0,180.0,0.0,0.0,0.0,,,,공산지(취수탑)
2016.10.31,16.4,7.7,8.4,2.2,3.7,17.0,70.0,70.0,0.0,0.0,0.0,,,,공산지(취수탑)
2016.11.07,15.1,7.9,9.0,2.1,3.2,35.0,30.0,30.0,0.0,0.0,0.0,,,,공산지(취수탑)
2016.11.14,14.2,8.1,9.7,1.9,3.2,42.3,40.0,40.0,0.0,0.0,0.0,,,,공산지(취수탑)
2016.11.21,13.5,8.1,9.7,1.9,2.8,45.9,30.0,30.0,0.0,0.0,0.0,,,,공산지(취수탑)
2016.11.28,11.5,8.0,9.9,1.7,4.1,54.4,10.0,10.0,0.0,0.0,0.0,,,,공산지(취수탑)
2016.12.05,10.2,8.2,11.2,1.6,3.7,45.9,0.0,0.0,0.0,0.0,0.0,,,,공산지(취수탑)
2016.12.12,8.9,8.0,11.2,1.8,2.7,22.2,0.0,0.0,0.0,0.0,0.0,,,,공산지(취수탑)
2016.12.19,7.5,8.0,10.9,1.8,2.0,6.4,0.0,0.0,0.0,0.0,0.0,,,,공산지(취수탑)
2016.12.26,7.3,7.8,10.9,1.6,1.8,5.7,0.0,0.0,0.0,0.0,0.0,,,,공산지(취수탑)
2017.01.02,6.3,7.6,11.1,1.7,1.7,5.8,0.0,0.0,0.0,0.0,0.0,,,,공산지(취수탑)
2017.01.09,6.4,7.7,11.0,1.8,1.4,9.0,0.0,0.0,0.0,0.0,0.0,,,,공산지(취수탑)
2017.01.16,5.0,7.7,11.2,1.9,1.4,10.3,0.0,0.0,0.0,0.0,0.0,,,,공산지(취수탑)
2017.01.23,3.5,7.7,11.3,1.9,1.3,9.4,0.0,0.0,0.0,0.0,0.0,,,,공산지(취수탑)
2017.01.31,3.6,7.8,12.0,1.8,1.2,6.8,0.0,0.0,0.0,0.0,0.0,,,,공산지(취수탑)
2017.02.06,4.4,7.7,12.0,1.8,1.2,10.0,29.0,0.0,0.0,29.0,0.0,,,,공산지(취수탑)
2017.02.13,4.1,7.8,13.2,1.8,1.2,9.7,0.0,0.0,0.0,0.0,0.0,,,,공산지(취수탑)
2017.02.20,4.3,7.9,12.7,1.8,1.2,16.8,0.0,0.0,0.0,0.0,0.0,,,,공산지(취수탑)
2017.02.27,5.2,8.0,13.0,1.7,1.3,19.4,0.0,0.0,0.0,0.0,0.0,,,,공산지(취수탑)
2017.03.06,6.0,8.2,12.9,1.5,2.0,22.5,0.0,0.0,0.0,0.0,0.0,,,,공산지(취수탑)
2017.03.13,6.8,8.4,13.2,1.8,2.0,20.0,0.0,0.0,0.0,0.0,0.0,,,,공산지(취수탑)
2017.03.20,7.2,8.1,12.4,1.6,2.1,16.3,0.0,0.0,0.0,0.0,0.0,,,,공산지(취수탑)
2017.03.27,7.8,7.9,12.1,1.6,2.4,16.2,0.0,0.0,0.0,0.0,0.0,,,,공산지(취수탑)
2017.04.03,9.2,8.0,11.5,1.5,2.6,19.7,0.0,0.0,0.0,0.0,0.0,,,,공산지(취수탑)
2017.04.10,11.2,8.1,11.3,1.5,3.1,29.2,25.0,0.0,0.0,0.0,25.0,,,,공산지(취수탑)
2017.04.18,13.4,7.8,9.4,1.5,2.4,16.2,24.0,0.0,0.0,0.0,24.0,,,,공산지(취수탑)
2017.04.24,14.5,7.9,9.5,1.5,3.2,18.6,55.0,0.0,0.0,0.0,55.0,,,,공산지(취수탑)
2017.05.01,15.5,7.8,9.5,1.5,3.5,25.1,124.0,0.0,0.0,0.0,124.0,,,,공산지(취수탑)
2017.05.08,17.3,8.2,9.5,1.6,2.6,16.4,191.0,0.0,0.0,0.0,191.0,,,,공산지(취수탑)
2017.05.15,17.4,8.0,9.1,1.6,3.3,24.7,0.0,0.0,0.0,0.0,0.0,,,,공산지(취수탑)
2017.05.22,19.2,7.8,8.0,1.6,3.5,21.9,0.0,0.0,0.0,0.0,0.0,,,,공산지(취수탑)
2017.05.30,20.2,7.5,6.5,1.5,6.0,6.2,0.0,0.0,0.0,0.0,0.0,,,,공산지(취수탑)
2017.06.05,21.2,7.6,7.2,1.4,7.0,22.0,221.0,0.0,221.0,0.0,0.0,,,,공산지(취수탑)
2017.06.12,21.2,7.8,8.3,1.2,7.9,52.2,179.0,143.0,0.0,0.0,36.0,,,,공산지(취수탑)
2017.06.19,22.3,7.7,5.8,1.2,5.7,28.1,189.0,69.0,64.0,0.0,56.0,,,,공산지(취수탑)
2017.06.26,21.9,7.7,5.8,1.1,6.3,19.1,51.0,51.0,0.0,0.0,0.0,,,,공산지(취수탑)
2017.07.03,24.4,7.5,5.3,0.9,5.0,33.9,289.0,61.0,228.0,0.0,0.0,,,,공산지(취수탑)
2017.07.10,23.2,7.4,5.3,0.9,5.9,17.2,403.0,199.0,204.0,0.0,0.0,,,,공산지(취수탑)
2017.07.17,27.5,7.2,5.5,1.0,4.2,18.4,371.0,336.0,35.0,0.0,0.0,,,,공산지(취수탑)
2017.07.24,28.1,7.2,5.6,1.0,5.1,18.2,579.0,547.0,32.0,0.0,0.0,,,,공산지(취수탑)
2017.07.31,24.7,7.2,5.1,1.1,9.5,22.7,901.0,829.0,72.0,0.0,0.0,,,,공산지(취수탑)
2017.08.07,27.9,7.3,6.4,1.0,7.6,14.2,353.0,201.0,152.0,0.0,0.0,,,,공산지(취수탑)
2017.08.14,26.7,7.4,7.0,0.9,17.0,40.9,464.0,431.0,33.0,0.0,0.0,,,,공산지(취수탑)
2017.08.21,25.8,7.4,6.0,0.8,11.0,26.6,71.0,71.0,0.0,0.0,0.0,,,,공산지(취수탑)
2017.08.28,25.6,7.2,6.5,0.8,8.0,26.4,0.0,0.0,0.0,0.0,0.0,,,,공산지(취수탑)
2017.09.04,24.7,7.4,7.6,0.9,3.6,19.2,31.0,31.0,0.0,0.0,0.0,,,,공산지(취수탑)
2017.09.11,24.1,7.1,8.0,0.7,3.4,19.3,0.0,0.0,0.0,0.0,0.0,,,,공산지(취수탑)
2017.09.18,24.5,7.1,7.2,0.9,2.9,30.8,0.0,0.0,0.0,0.0,0.0,,,,공산지(취수탑)
2017.09.25,23.4,7.2,7.2,0.9,2.9,20.6,23.0,23.0,0.0,0.0,0.0,,,,공산지(취수탑)
2017.10.10,22.6,7.7,7.8,0.9,3.0,33.2,0.0,0.0,0.0,0.0,0.0,,,,공산지(취수탑)
2017.10.16,19.8,7.7,7.7,0.8,3.7,26.3,0.0,0.0,0.0,0.0,0.0,,,,공산지(취수탑)
2017.10.23,19.2,7.6,7.7,0.9,2.4,13.4,0.0,0.0,0.0,0.0,0.0,,,,공산지(취수탑)
2017.10.30,17.2,7.5,8.7,0.9,2.6,13.6,0.0,0.0,0.0,0.0,0.0,,,,공산지(취수탑)
2017.11.06,15.7,7.7,8.3,0.8,2.4,20.4,0.0,0.0,0.0,0.0,0.0,,,,공산지(취수탑)
2017.11.13,14.1,7.8,8.7,0.9,2.4,20.9,0.0,0.0,0.0,0.0,0.0,,,,공산지(취수탑)
2017.11.20,11.4,8.0,9.1,0.9,2.3,12.1,0.0,0.0,0.0,0.0,0.0,,,,공산지(취수탑)
2017.11.27,9.8,7.9,11.1,0.8,2.0,10.1,0.0,0.0,0.0,0.0,0.0,,,,공산지(취수탑)
2017.12.04,8.1,8.0,11.2,0.8,1.9,13.1,0.0,0.0,0.0,0.0,0.0,,,,공산지(취수탑)
2017.12.11,6.4,8.0,12.2,0.8,1.6,14.6,0.0,0.0,0.0,0.0,0.0,,,,공산지(취수탑)
2017.12.18,4.5,7.9,12.9,0.8,1.5,9.9,0.0,0.0,0.0,0.0,0.0,,,,공산지(취수탑)
2017.12.26,3.1,7.9,12.6,1.1,1.2,4.6,0.0,0.0,0.0,0.0,0.0,,,,공산지(취수탑)
2018.01.02,3.0,8.0,13.4,1.2,1.2,4.0,0.0,0.0,0.0,0.0,0.0,,,,공산지(취수탑)
2018.01.08,2.3,7.9,14.0,1.0,1.1,5.2,0.0,0.0,0.0,0.0,0.0,,,,공산지(취수탑)
2018.01.15,3.6,7.7,12.5,1.2,1.1,5.8,0.0,0.0,0.0,0.0,0.0,,,,공산지(취수탑)
2018.01.22,3.6,7.7,12.4,1.3,1.1,8.3,0.0,0.0,0.0,0.0,0.0,,,,공산지(취수탑)
2018.01.29,,,,,,,,,,,,,,,공산지(취수탑)
2018.02.05,,,,,,,,,,,,,,,공산지(취수탑)
2018.02.12,3.3,7.6,12.9,1.4,2.3,11.0,0.0,0.0,0.0,0.0,0.0,,,,공산지(취수탑)
2018.02.19,4.1,7.5,11.0,1.5,3.4,11.2,0.0,0.0,0.0,0.0,0.0,,,,공산지(취수탑)
2018.02.26,4.2,7.5,10.5,1.6,4.4,11.1,0.0,0.0,0.0,0.0,0.0,,,,공산지(취수탑)
2018.03.05,5.5,7.5,9.8,1.4,5.2,14.1,0.0,0.0,0.0,0.0,0.0,,,,공산지(취수탑)
2018.03.12,6.5,7.6,9.6,1.7,4.6,20.6,0.0,0.0,0.0,0.0,0.0,,,,공산지(취수탑)
2018.03.19,8.3,7.8,9.3,1.4,3.8,48.3,0.0,0.0,0.0,0.0,0.0,,,,공산지(취수탑)
2018.03.26,9.7,7.8,8.1,1.6,3.9,42.8,0.0,0.0,0.0,0.0,0.0,,,,공산지(취수탑)
2018.04.02,10.6,7.9,10.2,1.8,2.4,19.3,0.0,0.0,0.0,0.0,0.0,,,,공산지(취수탑)
2018.04.09,11.5,7.8,7.2,1.8,2.0,26.3,0.0,0.0,0.0,0.0,0.0,,,,공산지(취수탑)
2018.04.16,12.0,8.0,9.9,1.7,2.0,29.0,0.0,0.0,0.0,0.0,0.0,,,,공산지(취수탑)
2018.04.23,11.5,7.7,9.0,1.1,1.3,15.2,0.0,0.0,0.0,0.0,0.0,,,,공산지(취수탑)
2018.04.30,14.1,7.6,8.0,1.3,1.6,8.8,0.0,0.0,0.0,0.0,0.0,,,,공산지(취수탑)
2018.05.08,14.4,7.6,8.6,1.0,1.9,18.6,0.0,0.0,0.0,0.0,0.0,,,,공산지(취수탑)
2018.05.14,15.1,7.6,8.4,1.1,1.6,6.6,0.0,0.0,0.0,0.0,0.0,,,,공산지(취수탑)
2018.05.21,15.0,7.6,8.0,0.9,1.5,19.7,32.0,0.0,0.0,32.0,0.0,,,,공산지(취수탑)
2018.05.28,18.0,7.5,7.3,0.8,1.2,5.1,0.0,0.0,0.0,0.0,0.0,,,,공산지(취수탑)
2018.06.04,18.7,7.6,5.9,1.1,1.1,3.2,0.0,0.0,0.0,0.0,0.0,,,,공산지(취수탑)
2018.06.11,17.7,7.3,6.3,0.9,3.1,7.8,0.0,0.0,0.0,0.0,0.0,,,,공산지(취수탑)
2018.06.18,18.4,7.5,6.6,1.2,5.4,7.6,182.0,182.0,0.0,0.0,0.0,,,,공산지(취수탑)
2018.06.25,19.2,7.6,6.3,1.2,4.5,6.2,80.0,0.0,80.0,0.0,0.0,,,,공산지(취수탑)
2018.07.02,18.2,7.5,4.3,0.6,11.5,5.0,224.0,224.0,0.0,0.0,0.0,,,,공산지(취수탑)
2018.07.09,18.0,7.3,5.3,0.6,8.5,2.8,0.0,0.0,0.0,0.0,0.0,,,,공산지(취수탑)
2018.07.16,22.3,7.2,4.9,0.9,5.0,3.4,112.0,0.0,112.0,0.0,0.0,,,,공산지(취수탑)
2018.07.23,24.5,7.5,4.7,1.0,4.8,11.9,208.0,0.0,208.0,0.0,0.0,,,,공산지(취수탑)
2018.07.30,23.5,7.3,4.9,1.1,4.0,12.0,327.0,244.0,83.0,0.0,0.0,,,,공산지(취수탑)
2018.08.06,24.3,7.4,3.4,0.9,3.4,13.6,845.0,689.0,156.0,0.0,0.0,,,,공산지(취수탑)
2018.08.13,24.0,7.5,3.4,0.9,3.2,17.8,618.0,140.0,478.0,0.0,0.0,,,,공산지(취수탑)
2018.08.20,27.0,7.5,4.5,1.0,6.5,26.2,2352.0,2352.0,0.0,0.0,0.0,,,,공산지(취수탑)
2018.08.27,24.1,7.3,2.5,0.7,11.5,9.3,480.0,480.0,0.0,0.0,0.0,,,,공산지(취수탑)
2018.09.03,23.0,7.2,4.5,0.8,6.0,5.3,596.0,596.0,0.0,0.0,0.0,,,,공산지(취수탑)
2018.09.10,22.1,7.3,5.3,0.8,4.6,5.4,95.0,0.0,95.0,0.0,0.0,,,,공산지(취수탑)
2018.09.17,21.8,7.2,5.2,0.9,3.4,7.8,692.0,692.0,0.0,0.0,0.0,,,,공산지(취수탑)
2018.09.27,21.4,7.7,6.8,0.9,3.5,30.1,753.0,753.0,0.0,0.0,0.0,,,,공산지(취수탑)
2018.10.01,20.4,7.4,4.9,0.9,4.0,28.9,869.0,785.0,84.0,0.0,0.0,,,,공산지(취수탑)
2018.10.08,18.0,7.3,4.2,0.5,30.1,4.6,375.0,375.0,0.0,0.0,0.0,,,,공산지(취수탑)
2018.10.15,17.1,7.3,5.8,0.5,10.1,3.7,0.0,0.0,0.0,0.0,0.0,,,,공산지(취수탑)
2018.10.22,16.2,7.2,6.3,0.7,7.4,6.0,0.0,0.0,0.0,0.0,0.0,,,,공산지(취수탑)
2018.10.29,15.2,7.2,4.5,0.6,6.2,8.7,0.0,0.0,0.0,0.0,0.0,,,,공산지(취수탑)
2018.11.05,14.3,7.2,5.6,0.6,6.7,12.7,0.0,0.0,0.0,0.0,0.0,,,,공산지(취수탑)
2018.11.12,14.0,7.3,6.6,0.6,4.9,20.7,95.0,95.0,0.0,0.0,0.0,,,,공산지(취수탑)
2018.11.19,12.9,7.5,7.8,0.7,5.5,22.3,0.0,0.0,0.0,0.0,0.0,,,,공산지(취수탑)
2018.11.26,11.1,7.5,8.2,0.7,4.7,30.9,0.0,0.0,0.0,0.0,0.0,,,,공산지(취수탑)
2018.12.03,10.4,7.6,7.5,0.7,4.0,22.4,0.0,0.0,0.0,0.0,0.0,,,,공산지(취수탑)
2018.12.10,8.3,7.6,10.6,0.8,3.4,17.9,0.0,0.0,0.0,0.0,0.0,,,,공산지(취수탑)
2018.12.17,6.8,7.6,12.0,1.0,2.6,9.2,0.0,0.0,0.0,0.0,0.0,,,,공산지(취수탑)
2018.12.24,6.4,7.6,11.0,1.0,2.5,6.8,0.0,0.0,0.0,0.0,0.0,,,,공산지(취수탑)
2018.12.31,4.9,7.6,12.0,1.1,1.8,9.5,0.0,0.0,0.0,0.0,0.0,,,,공산지(취수탑)
2019.01.07,3.3,7.8,12.4,1.0,1.6,10.9,0.0,0.0,0.0,0.0,0.0,,,,공산지(취수탑)
2019.01.14,3.7,7.8,11.7,0.9,1.8,15.5,0.0,0.0,0.0,0.0,0.0,,,,공산지(취수탑)
2019.01.21,3.7,7.9,10.5,0.9,1.9,23.9,0.0,0.0,0.0,0.0,0.0,,,,공산지(취수탑)
2019.01.28,3.6,8.4,10.1,0.9,2.0,33.7,0.0,0.0,0.0,0.0,0.0,,,,공산지(취수탑)
2019.02.07,3.4,8.7,12.9,0.8,2.4,35.6,0.0,0.0,0.0,0.0,0.0,,,,공산지(취수탑)
2019.02.11,3.1,8.7,13.1,0.8,2.6,37.8,0.0,0.0,0.0,0.0,0.0,,,,공산지(취수탑)
2019.02.18,3.4,8.7,12.7,0.7,3.0,39.8,0.0,0.0,0.0,0.0,0.0,,,,공산지(취수탑)
2019.02.25,4.1,8.8,12.6,0.8,4.3,42.2,0.0,0.0,0.0,0.0,0.0,,,,공산지(취수탑)
2019.03.04,5.7,8.8,12.5,0.8,3.4,42.7,0.0,0.0,0.0,0.0,0.0,,,,공산지(취수탑)
2019.03.11,6.0,8.8,12.1,0.8,4.1,54.4,0.0,0.0,0.0,0.0,0.0,,,,공산지(취수탑)
2019.03.18,7.3,8.9,12.1,0.8,2.9,50.9,0.0,0.0,0.0,0.0,0.0,,,,공산지(취수탑)
2019.03.25,7.8,8.9,11.1,0.8,3.6,49.3,0.0,0.0,0.0,0.0,0.0,,,,공산지(취수탑)
2019.04.01,8.6,8.9,9.9,0.8,3.3,31.6,0.0,0.0,0.0,0.0,0.0,,,,공산지(취수탑)
2019.04.08,9.9,8.8,9.8,0.8,3.2,25.8,0.0,0.0,0.0,0.0,0.0,,,,공산지(취수탑)
2019.04.15,11.3,8.8,9.5,1.0,3.2,25.2,0.0,0.0,0.0,0.0,0.0,,,,공산지(취수탑)
2019.04.22,13.2,8.8,9.4,1.0,3.7,23.0,0.0,0.0,0.0,0.0,0.0,,,,공산지(취수탑)
2019.04.29,13.3,8.5,9.1,0.8,5.7,14.3,0.0,0.0,0.0,0.0,0.0,,,,공산지(취수탑)
2019.05.07,14.9,8.3,8.4,1.0,4.9,27.9,0.0,0.0,0.0,0.0,0.0,,,,공산지(취수탑)
2019.05.13,16.0,7.9,8.3,1.0,4.7,12.3,0.0,0.0,0.0,0.0,0.0,,,,공산지(취수탑)
2019.05.20,17.3,7.6,6.8,0.9,5.4,9.9,0.0,0.0,0.0,0.0,0.0,,,,공산지(취수탑)
2019.05.27,18.0,7.7,6.7,0.7,9.1,22.5,0.0,0.0,0.0,0.0,0.0,,,,공산지(취수탑)
2019.06.03,19.8,7.5,6.4,0.9,7.8,29.7,0.0,0.0,0.0,0.0,0.0,,,,공산지(취수탑)
2019.06.10,21.0,7.5,6.2,0.9,6.8,25.1,0.0,0.0,0.0,0.0,0.0,,,,공산지(취수탑)
2019.06.17,21.0,7.5,6.3,0.9,3.0,16.9,0.0,0.0,0.0,0.0,0.0,,,,공산지(취수탑)
2019.06.24,22.9,7.4,6.2,0.9,3.7,10.5,35.0,0.0,0.0,35.0,0.0,,,,공산지(취수탑)
2019.07.01,22.8,7.3,6.4,0.8,5.9,5.9,0.0,0.0,0.0,0.0,0.0,,,,공산지(취수탑)
2019.07.08,23.2,7.4,6.2,1.0,4.6,24.2,1401.0,837.0,564.0,0.0,0.0,,,,공산지(취수탑)
2019.07.15,22.3,7.3,6.3,1.0,4.1,18.0,754.0,754.0,0.0,0.0,0.0,,,,공산지(취수탑)
2019.07.22,23.4,7.4,5.9,1.0,7.4,5.0,82.0,82.0,0.0,0.0,0.0,,,,공산지(취수탑)
2019.07.29,23.6,7.4,5.7,1.0,3.8,37.1,324.0,324.0,0.0,0.0,0.0,,,,공산지(취수탑)
2019.08.05,23.9,7.3,5.0,1.0,3.4,6.3,167.0,167.0,0.0,0.0,0.0,,,,공산지(취수탑)
2019.08.12,23.9,7.3,4.9,0.9,3.2,13.6,327.0,327.0,0.0,0.0,0.0,,,,공산지(취수탑)
2019.08.19,23.6,7.3,5.0,1.0,4.0,11.4,656.0,656.0,0.0,0.0,0.0,,,,공산지(취수탑)
2019.08.26,24.3,7.3,4.9,0.9,8.0,2.2,128.0,128.0,0.0,0.0,0.0,,,,공산지(취수탑)
2019.09.02,22.9,7.2,5.3,0.8,5.6,8.8,245.0,245.0,0.0,0.0,0.0,,,,공산지(취수탑)
2019.09.09,22.7,7.3,5.3,0.9,3.7,4.6,131.0,131.0,0.0,0.0,0.0,,,,공산지(취수탑)
2019.09.16,23.2,7.4,5.1,0.9,6.1,16.5,1993.0,1993.0,0.0,0.0,0.0,,,,공산지(취수탑)
2019.09.23,20.4,7.3,5.4,0.8,11.0,7.5,834.0,834.0,0.0,0.0,0.0,,,,공산지(취수탑)
2019.09.30,20.4,7.4,6.4,1.0,5.5,6.1,216.0,216.0,0.0,0.0,0.0,,,,공산지(취수탑)
2019.10.07,19.6,7.1,7.4,0.7,15.3,4.3,0.0,0.0,0.0,0.0,0.0,,,,공산지(취수탑)
2019.10.14,19.4,7.1,7.8,0.9,10.2,4.6,0.0,0.0,0.0,0.0,0.0,,,,공산지(취수탑)
2019.10.21,17.7,7.2,9.1,0.9,9.7,5.5,31.0,31.0,0.0,0.0,0.0,,,,공산지(취수탑)
2019.10.28,17.2,7.2,9.8,0.9,9.5,6.9,0.0,0.0,0.0,0.0,0.0,,,,공산지(취수탑)
2019.11.04,16.2,7.2,9.8,0.9,8.3,8.3,0.0,0.0,0.0,0.0,0.0,,,,공산지(취수탑)
2019.11.11,15.5,7.2,10.4,0.9,8.0,13.6,0.0,0.0,0.0,0.0,0.0,,,,공산지(취수탑)
2019.11.18,13.6,7.2,10.6,0.9,5.4,9.7,0.0,0.0,0.0,0.0,0.0,,,,공산지(취수탑)
2019.11.25,11.7,7.2,11.6,0.8,4.4,6.1,0.0,0.0,0.0,0.0,0.0,,,,공산지(취수탑)
2019.12.02,11.0,7.4,10.4,0.8,3.2,7.5,0.0,0.0,0.0,0.0,0.0,,,,공산지(취수탑)
2019.12.09,8.9,7.4,11.4,0.9,3.1,8.0,0.0,0.0,0.0,0.0,0.0,,,,공산지(취수탑)
2019.12.16,8.3,7.4,10.2,0.9,2.1,7.4,0.0,0.0,0.0,0.0,0.0,,,,공산지(취수탑)
2019.12.23,8.1,7.4,10.4,0.9,2.0,8.0,0.0,0.0,0.0,0.0,0.0,,,,공산지(취수탑)
2019.12.30,7.5,7.4,10.5,0.9,2.3,10.7,0.0,0.0,0.0,0.0,0.0,,,,공산지(취수탑)
2020.01.06,5.9,7.5,12.2,0.8,2.2,14.3,0.0,0.0,0.0,0.0,0.0,,,,공산지(취수탑)
2020.01.13,5.1,7.6,12.3,0.9,2.0,16.4,0.0,0.0,0.0,0.0,0.0,,,,공산지(취수탑)
2020.01.20,5.1,7.6,12.0,1.0,2.3,18.5,0.0,0.0,0.0,0.0,0.0,,,,공산지(취수탑)
2020.01.28,4.7,7.7,12.0,0.8,1.5,23.0,0.0,0.0,0.0,0.0,0.0,,,,공산지(취수탑)
2020.02.03,4.7,7.7,12.0,0.8,1.5,14.6,0.0,0.0,0.0,0.0,0.0,,,,공산지(취수탑)
2020.02.10,4.7,7.5,11.6,1.0,1.8,21.8,0.0,0.0,0.0,0.0,0.0,,,,공산지(취수탑)
2020.02.17,4.4,8.4,12.0,1.0,1.5,21.9,0.0,0.0,0.0,0.0,0.0,,,,공산지(취수탑)
2020.02.24,,,,,,,,,,,,,,,공산지(취수탑)
2020.03.02,,,,,,,,,,,,,,,공산지(취수탑)
2020.03.09,7.9,8.4,12.3,1.0,2.6,31.3,0.0,0.0,0.0,0.0,0.0,,,,공산지(취수탑)
2020.03.16,7.1,8.8,12.6,1.0,2.8,41.6,0.0,0.0,0.0,0.0,0.0,,,,공산지(취수탑)
2020.03.23,9.4,8.8,12.7,1.0,2.7,36.2,0.0,0.0,0.0,0.0,0.0,,,,공산지(취수탑)
2020.03.30,9.6,8.7,12.3,1.0,3.3,37.6,0.0,0.0,0.0,0.0,0.0,,,,공산지(취수탑)
2020.04.06,10.6,8.9,12.0,1.0,3.8,52.9,0.0,0.0,0.0,0.0,0.0,,,,공산지(취수탑)
2020.04.13,10.6,8.7,11.5,0.8,4.9,28.8,0.0,0.0,0.0,0.0,0.0,,,,공산지(취수탑)
2020.04.20,11.8,8.2,11.2,1.0,4.5,24.3,0.0,0.0,0.0,0.0,0.0,,,,공산지(취수탑)
2020.04.27,12.8,8.1,10.7,1.0,4.0,16.3,246.0,0.0,0.0,0.0,246.0,,,,공산지(취수탑)
2020.05.04,16.3,7.7,9.4,1.0,4.7,10.4,0.0,0.0,0.0,0.0,0.0,,,,공산지(취수탑)
2020.05.11,16.6,7.5,8.4,1.0,5.2,5.2,0.0,0.0,0.0,0.0,0.0,,,,공산지(취수탑)
2020.05.18,17.0,7.7,8.4,1.0,5.9,8.2,0.0,0.0,0.0,0.0,0.0,,,,공산지(취수탑)
2020.05.25,17.9,7.6,8.7,1.0,6.1,20.1,0.0,0.0,0.0,0.0,0.0,,,,공산지(취수탑)
2020.06.01,20.0,7.7,8.1,1.0,4.6,11.0,0.0,0.0,0.0,0.0,0.0,,,,공산지(취수탑)
2020.06.08,22.2,7.5,8.1,1.0,3.7,11.2,0.0,0.0,0.0,0.0,0.0,,,,공산지(취수탑)
2020.06.15,24.0,7.6,6.9,1.0,8.2,21.0,0.0,0.0,0.0,0.0,0.0,,,,공산지(취수탑)
2020.06.22,24.3,7.7,7.5,1.0,6.8,31.9,0.0,0.0,0.0,0.0,0.0,,,,공산지(취수탑)
2020.06.29,23.9,7.5,7.2,1.0,4.0,14.5,0.0,0.0,0.0,0.0,0.0,,,,공산지(취수탑)
2020.07.06,24.6,7.6,6.7,1.0,5.3,14.5,283.0,283.0,0.0,0.0,0.0,,,,공산지(취수탑)
2020.07.13,22.4,7.6,7.3,0.8,5.0,20.4,201.0,201.0,0.0,0.0,0.0,,,,공산지(취수탑)
2020.07.20,24.0,7.6,7.7,0.8,7.5,14.9,231.0,231.0,0.0,0.0,0.0,,,,공산지(취수탑)
2020.07.27,20.4,7.4,7.8,0.8,11.7,3.6,0.0,0.0,0.0,0.0,0.0,,,,공산지(취수탑)
2020.08.03,20.4,7.3,7.3,0.5,13.5,2.2,0.0,0.0,0.0,0.0,0.0,,,,공산지(취수탑)
2020.08.10,21.4,7.2,7.6,0.5,47.2,0.9,0.0,0.0,0.0,0.0,0.0,,,,공산지(취수탑)
2020.08.18,24.4,7.2,7.5,0.8,17.8,5.1,0.0,0.0,0.0,0.0,0.0,,,,공산지(취수탑)
2020.08.24,25.1,7.2,6.2,0.8,7.5,2.7,73.0,73.0,0.0,0.0,0.0,,,,공산지(취수탑)
2020.08.31,25.2,7.3,7.3,0.5,7.4,11.8,0.0,0.0,0.0,0.0,0.0,,,,공산지(취수탑)
2020.09.08,22.4,7.3,7.2,0.2,46.3,2.3,0.0,0.0,0.0,0.0,0.0,,,,공산지(취수탑)
2020.09.14,22.4,7.2,7.3,0.5,22.6,2.2,0.0,0.0,0.0,0.0,0.0,,,,공산지(취수탑)
2020.09.21,21.6,7.2,7.2,0.5,16.9,3.1,0.0,0.0,0.0,0.0,0.0,,,,공산지(취수탑)
2020.09.28,21.5,7.2,7.1,0.5,12.5,5.5,0.0,0.0,0.0,0.0,0.0,,,,공산지(취수탑)
2020.10.05,20.8,7.2,7.3,1.0,15.2,4.7,0.0,0.0,0.0,0.0,0.0,,,,공산지(취수탑)
2020.10.12,19.9,7.1,7.3,1.0,8.4,4.8,0.0,0.0,0.0,0.0,0.0,,,,공산지(취수탑)
2020.10.19,19.0,7.2,6.9,1.0,6.1,7.3,0.0,0.0,0.0,0.0,0.0,,,,공산지(취수탑)
2020.10.26,18.1,7.3,7.8,1.0,7.2,9.3,0.0,0.0,0.0,0.0,0.0,,,,공산지(취수탑)
2020.11.02,16.7,7.4,8.8,1.0,8.0,14.7,0.0,0.0,0.0,0.0,0.0,,,,공산지(취수탑)
2020.11.09,14.6,7.5,9.5,1.0,8.1,29.3,0.0,0.0,0.0,0.0,0.0,,,,공산지(취수탑)
2020.11.16,13.4,7.7,10.2,1.0,7.8,46.1,0.0,0.0,0.0,0.0,0.0,,,,공산지(취수탑)
2020.11.23,13.4,7.6,11.8,1.0,8.6,48.3,0.0,0.0,0.0,0.0,0.0,,,,공산지(취수탑)
2020.11.30,11.1,7.9,11.1,1.0,6.4,53.1,0.0,0.0,0.0,0.0,0.0,,,,공산지(취수탑)
2020.12.07,9.5,7.7,12.0,1.0,3.5,37.4,0.0,0.0,0.0,0.0,0.0,,,,공산지(취수탑)
2020.12.14,8.5,7.9,12.2,1.0,3.0,13.1,81.0,81.0,0.0,0.0,0.0,,,,공산지(취수탑)
2020.12.21,5.1,7.9,12.2,1.0,3.4,7.5,0.0,0.0,0.0,0.0,0.0,,,,공산지(취수탑)
2020.12.28,4.3,7.7,12.5,1.0,1.7,6.5,0.0,0.0,0.0,0.0,0.0,,,,공산지(취수탑)
2021.01.04,3.7,8.0,13.0,1.0,2.1,7.9,0.0,0.0,0.0,0.0,0.0,,,,공산지(취수탑)
2021.01.11,2.1,7.9,12.9,1.0,1.6,6.7,0.0,0.0,0.0,0.0,0.0,,,,공산지(취수탑)
2021.01.18,1.6,7.8,8.4,0.8,1.6,10.0,0.0,0.0,0.0,0.0,0.0,,,,공산지(취수탑)
2021.01.25,3.6,7.5,12.4,1.0,2.4,9.5,0.0,0.0,0.0,0.0,0.0,,,,공산지(취수탑)
2021.02.01,2.6,7.5,13.2,0.8,2.2,7.7,0.0,0.0,0.0,0.0,0.0,,,,공산지(취수탑)
2021.02.08,2.8,7.5,13.5,1.0,2.0,5.4,0.0,0.0,0.0,0.0,0.0,,,,공산지(취수탑)
2021.02.15,3.7,7.5,13.0,0.8,2.2,7.7,0.0,0.0,0.0,0.0,0.0,,,,공산지(취수탑)
2021.02.22,5.9,7.5,12.8,0.9,3.2,9.9,0.0,0.0,0.0,0.0,0.0,,,,공산지(취수탑)
2021.03.02,5.5,7.3,11.8,0.5,24.2,18.1,0.0,0.0,0.0,0.0,0.0,,,,공산지(취수탑)
2021.03.08,6.1,7.3,12.0,0.8,10.8,22.0,0.0,0.0,0.0,0.0,0.0,,,,공산지(취수탑)
2021.03.15,7.8,7.6,11.4,1.0,11.4,26.7,0.0,0.0,0.0,0.0,0.0,,,,공산지(취수탑)
2021.03.22,9.0,7.6,12.4,1.0,6.3,31.2,0.0,0.0,0.0,0.0,0.0,,,,공산지(취수탑)
2021.03.29,10.3,7.7,12.6,1.0,4.4,19.8,0.0,0.0,0.0,0.0,0.0,,,,공산지(취수탑)
2021.04.05,11.5,7.9,12.3,1.0,7.5,25.0,0.0,0.0,0.0,0.0,0.0,,,,공산지(취수탑)
2021.04.12,12.3,8.1,11.7,0.9,4.7,26.0,0.0,0.0,0.0,0.0,0.0,,,,공산지(취수탑)
2021.04.19,13.5,7.9,11.9,1.0,5.2,20.9,0.0,0.0,0.0,0.0,0.0,,,,공산지(취수탑)
2021.04.26,15.5,7.9,10.8,1.0,4.0,18.5,0.0,0.0,0.0,0.0,0.0,,,,공산지(취수탑)
2021.05.03,16.7,8.0,10.8,0.9,9.3,21.9,0.0,0.0,0.0,0.0,0.0,,,,공산지(취수탑)
2021.05.10,16.9,8.1,10.9,0.8,9.6,45.3,0.0,0.0,0.0,0.0,0.0,,,,공산지(취수탑)
2021.05.17,17.6,7.9,11.0,0.8,8.5,14.1,0.0,0.0,0.0,0.0,0.0,,,,공산지(취수탑)
2021.05.24,18.7,7.6,9.1,1.0,5.0,11.8,0.0,0.0,0.0,0.0,0.0,,,,공산지(취수탑)
2021.05.31,20.2,7.9,9.8,1.0,4.6,40.5,0.0,0.0,0.0,0.0,0.0,,,,공산지(취수탑)
2021.06.07,22.3,7.8,9.0,1.0,5.8,20.7,0.0,0.0,0.0,0.0,0.0,,,,공산지(취수탑)
2021.06.14,22.8,7.5,7.4,1.0,6.0,33.0,0.0,0.0,0.0,0.0,0.0,,,,공산지(취수탑)
2021.06.21,23.2,7.5,7.0,1.0,8.3,12.4,0.0,0.0,0.0,0.0,0.0,,,,공산지(취수탑)
2021.06.28,24.2,7.6,7.9,1.0,7.3,41.0,0.0,0.0,0.0,0.0,0.0,,,,공산지(취수탑)
2021.07.05,24.2,7.5,6.8,1.0,8.5,24.9,790.0,790.0,0.0,0.0,0.0,,,,공산지(취수탑)
2021.07.12,23.9,7.7,7.6,0.9,19.6,8.7,369.0,0.0,369.0,0.0,0.0,,,,공산지(취수탑)
2021.07.19,25.4,9.0,8.2,1.0,11.2,31.4,910.0,0.0,910.0,0.0,0.0,,,,공산지(취수탑)
2021.07.26,25.4,7.5,7.9,1.0,10.8,27.1,5424.0,1400.0,4024.0,0.0,0.0,,,,공산지(취수탑)
2021.08.02,26.2,7.8,6.4,1.0,34.0,36.3,46120.0,41560.0,4560.0,0.0,0.0,,,,공산지(취수탑)
2021.08.09,26.1,7.6,6.1,1.0,9.5,11.1,8942.0,8858.0,84.0,0.0,0.0,,,,공산지(취수탑)
2021.08.17,25.6,7.4,5.7,1.0,5.5,10.3,5420.0,5280.0,140.0,0.0,0.0,,,,공산지(취수탑)
2021.08.23,24.8,7.3,5.9,0.8,11.5,10.5,2240.0,2240.0,0.0,0.0,0.0,,,,공산지(취수탑)
2021.08.30,23.0,7.2,6.3,1.0,7.7,3.9,0.0,0.0,0.0,0.0,0.0,,,,공산지(취수탑)
2021.09.06,21.6,7.4,6.8,1.0,8.1,15.3,5530.0,5530.0,0.0,0.0,0.0,,,,공산지(취수탑)
2021.09.13,21.9,7.4,7.5,1.0,4.8,14.7,440.0,440.0,0.0,0.0,0.0,,,,공산지(취수탑)
2021.09.23,21.6,7.3,6.3,1.0,4.8,14.2,890.0,890.0,0.0,0.0,0.0,,,,공산지(취수탑)
2021.09.27,21.5,7.3,5.9,1.0,5.0,12.0,80.0,80.0,0.0,0.0,0.0,,,,공산지(취수탑)
2021.10.05,22.2,7.2,6.3,1.0,4.3,7.0,164.0,164.0,0.0,0.0,0.0,,,,공산지(취수탑)
2021.10.12,21.2,7.4,7.1,1.0,2.9,8.2,920.0,920.0,0.0,0.0,0.0,,,,공산지(취수탑)
2021.10.18,20.1,7.4,7.2,1.0,3.6,6.4,640.0,640.0,0.0,0.0,0.0,,,,공산지(취수탑)
2021.10.25,18.5,7.4,7.5,1.0,3.3,6.7,148.0,148.0,0.0,0.0,0.0,,,,공산지(취수탑)
2021.11.01,17.1,7.4,7.9,1.2,4.0,4.2,0.0,0.0,0.0,0.0,0.0,,,,공산지(취수탑)
2021.11.08,16.2,7.4,8.1,0.8,4.0,5.4,0.0,0.0,0.0,0.0,0.0,,,,공산지(취수탑)
2021.11.15,14.4,7.4,8.4,1.2,3.1,6.4,0.0,0.0,0.0,0.0,0.0,,,,공산지(취수탑)
2021.11.22,13.2,7.3,8.9,1.0,2.2,4.3,0.0,0.0,0.0,0.0,0.0,,,,공산지(취수탑)
2021.11.29,11.6,7.5,9.9,1.2,3.2,7.6,270.0,0.0,0.0,270.0,0.0,,,,공산지(취수탑)
2021.12.06,9.4,7.6,10.0,1.2,2.3,10.9,0.0,0.0,0.0,0.0,0.0,,,,공산지(취수탑)
